Male,Female,Gender-Neutral
OLIVER,CHARLOTTE,WILLOW
DECLAN,AURORA,EZRA
THEODORE,VIOLET,ROWAN
JASPER,HAZEL,JAMES
SILAS,LUNA,QUINN
LIAM,AMELIA,LOGAN
ASHER,ARIA,KAI
FINN,AVA,RIVER
OWEN,SCARLETT,AVERY
ETHAN,ISLA,LUCA
ALEXANDER,IVY,SAGE
FELIX,FREYA,HARPER
HENRY,NORA,EDEN
GABRIEL,WREN,RILEY
ELIJAH,EVELYN,ARTEMIS
LEO,OLIVIA,JADE
NOAH,AUDREY,JULIAN
AUGUST,IRIS,FINLEY
LEVI,ELEANOR,DARCY
SEBASTIAN,ABIGAIL,BRIAR
BENJAMIN,OPHELIA,CHARLIE
ATTICUS,MAEVE,RYAN
ARCHER,ADELAIDE,ASPEN
GRAYSON,EVANGELINE,SAWYER
MILO,ALICE,ADDISON
EMMETT,ELIZABETH,HAYDEN
ISAAC,LILY,AUBREY
JACK,ELOISE,ORION
EVERETT,GRACE,NOVA
WILLIAM,GENEVIEVE,DYLAN
ATLAS,PENELOPE,PIPER
ARTHUR,ROSE,ELLIOT
THEO,SOPHIA,BAILEY
RONAN,CHLOE,POPPY
SAMUEL,LYDIA,BLAKE
CALEB,EMMA,INDIGO
AIDEN,ANASTASIA,RORY
MILES,CLARA,EVERLY
ELLIOTT,ADELINE,RAIN
LANDON,ATHENA,BECKETT
AXEL,ELIZA,BLAIR
ARLO,CLAIRE,SKYE
ELIAS,ELLA,ECHO
ELI,ARABELLA,EMERSON
ANDREW,MILA,HARLOW
CALLUM,STELLA,JUDE
XANDER,JUNIPER,MORGAN
LUCAS,ESME,RAVEN
WYATT,ASTRID,SKYLAR
SOREN,CORA,PARKER
AARON,MIA,ELLIS
THOMAS,AURELIA,ROBIN
NOLAN,MAYA,CARTER
HUDSON,VIVIENNE,AERO
ALASTAIR,DAPHNE,ARDEN
JACOB,NAOMI,CAMERON
TOBIAS,RUBY,ASHTON
SIMON,SADIE,HADLEY
NATHANIEL,MARGOT,JORDAN
ADRIAN,SOPHIE,ADALIA
JACKSON,ROSALIE,ZEPHYR
VINCENT,PHOEBE,SALEM
LINCOLN,ZOE,SHILOH
DOMINIC,LUCY,SPENCER
RHYS,LORELEI,BENNETT
GIDEON,ISABELLA,EMBER
WESLEY,KAIA,FLYNN
MAX,DELILAH,PHOENIX
GAVIN,EMILY,BODHI
BEAU,BEATRIX,LENNOX
ACE,HANNAH,AUSTIN
KADEN,DAHLIA,OAKLEY
LEON,DAISY,TYLER
CONNOR,ADA,FALLON
OSCAR,ELODIE,HUNTER
JONAH,VERA,DORIAN
MICHAEL,ELIANA,EASTON
COLE,THEA,HOLLY
MICAH,ODETTE,DAKOTA
APOLLO,CELESTE,ASA
EVANDER,MATILDA,REID
KNOX,ELENA,KENNEDY
HARRISON,EVA,REAGAN
HOLDEN,AUTUMN,EVAN
NATHAN,MAGNOLIA,JESSE
MASON,MAISIE,KIERAN
DANTE,CLOVER,ADLER
MATTHEW,ADALYN,ARI
GRIFFIN,SAVANNAH,AINSLEY
CHARLES,MABEL,WINTER
SLOAN,ELISE,KYLER
ZACHARY,JANE,LENNON
CASPIAN,CALLIOPE,ARIEL
AMBROSE,AMARA,CARSON
IAN,AARALYN,LANE
FORREST,IMOGEN,REMY
MALACHI,SAOIRSE,CADE
DAMIEN,SIENNA,SASHA
DAVID,DIANA,DELANEY
AIDAN,FLORENCE,GREER
